,Location,Date_confirmation,cases,lag_1,lag_2,lag_3,lag_4,lag_5,lag_6,lag_7,lag_8,lag_9,lag_10,lag_11,lag_12,lag_13,lag_14,lag_15,lag_16,lag_17,lag_18,lag_19,lag_20,lag_21
0,Australian Capital Territory,2022-05-20,0,0,0,0,0,0,0,0,0,0,0,0,0,0,0,0,0,0,0,0,0,0
1,Australian Capital Territory,2022-05-21,0,0,0,0,0,0,0,0,0,0,0,0,0,0,0,0,0,0,0,0,0,0
2,Australian Capital Territory,2022-05-22,0,0,0,0,0,0,0,0,0,0,0,0,0,0,0,0,0,0,0,0,0,0
3,Australian Capital Territory,2022-05-23,0,0,0,0,0,0,0,0,0,0,0,0,0,0,0,0,0,0,0,0,0,0
4,Australian Capital Territory,2022-05-24,0,0,0,0,0,0,0,0,0,0,0,0,0,0,0,0,0,0,0,0,0,0
5,Australian Capital Territory,2022-05-25,0,0,0,0,0,0,0,0,0,0,0,0,0,0,0,0,0,0,0,0,0,0
6,Australian Capital Territory,2022-05-26,0,0,0,0,0,0,0,0,0,0,0,0,0,0,0,0,0,0,0,0,0,0
7,Australian Capital Territory,2022-05-27,0,0,0,0,0,0,0,0,0,0,0,0,0,0,0,0,0,0,0,0,0,0
8,Australian Capital Territory,2022-05-28,0,0,0,0,0,0,0,0,0,0,0,0,0,0,0,0,0,0,0,0,0,0
9,Australian Capital Territory,2022-05-29,0,0,0,0,0,0,0,0,0,0,0,0,0,0,0,0,0,0,0,0,0,0
10,Australian Capital Territory,2022-05-30,0,0,0,0,0,0,0,0,0,0,0,0,0,0,0,0,0,0,0,0,0,0
11,Australian Capital Territory,2022-05-31,0,0,0,0,0,0,0,0,0,0,0,0,0,0,0,0,0,0,0,0,0,0
12,Australian Capital Territory,2022-06-01,0,0,0,0,0,0,0,0,0,0,0,0,0,0,0,0,0,0,0,0,0,0
13,Australian Capital Territory,2022-06-02,0,0,0,0,0,0,0,0,0,0,0,0,0,0,0,0,0,0,0,0,0,0
14,Australian Capital Territory,2022-06-03,0,0,0,0,0,0,0,0,0,0,0,0,0,0,0,0,0,0,0,0,0,0
15,Australian Capital Territory,2022-06-04,0,0,0,0,0,0,0,0,0,0,0,0,0,0,0,0,0,0,0,0,0,0
16,Australian Capital Territory,2022-06-05,0,0,0,0,0,0,0,0,0,0,0,0,0,0,0,0,0,0,0,0,0,0
17,Australian Capital Territory,2022-06-06,0,0,0,0,0,0,0,0,0,0,0,0,0,0,0,0,0,0,0,0,0,0
18,Australian Capital Territory,2022-06-07,0,0,0,0,0,0,0,0,0,0,0,0,0,0,0,0,0,0,0,0,0,0
19,Australian Capital Territory,2022-06-08,0,0,0,0,0,0,0,0,0,0,0,0,0,0,0,0,0,0,0,0,0,0
20,Australian Capital Territory,2022-06-09,0,0,0,0,0,0,0,0,0,0,0,0,0,0,0,0,0,0,0,0,0,0
21,Australian Capital Territory,2022-06-10,0,0,0,0,0,0,0,0,0,0,0,0,0,0,0,0,0,0,0,0,0,0
22,Australian Capital Territory,2022-06-11,0,0,0,0,0,0,0,0,0,0,0,0,0,0,0,0,0,0,0,0,0,0
23,Australian Capital Territory,2022-06-12,0,0,0,0,0,0,0,0,0,0,0,0,0,0,0,0,0,0,0,0,0,0
24,Australian Capital Territory,2022-06-13,0,0,0,0,0,0,0,0,0,0,0,0,0,0,0,0,0,0,0,0,0,0
25,Australian Capital Territory,2022-06-14,0,0,0,0,0,0,0,0,0,0,0,0,0,0,0,0,0,0,0,0,0,0
26,Australian Capital Territory,2022-06-15,0,0,0,0,0,0,0,0,0,0,0,0,0,0,0,0,0,0,0,0,0,0
27,Australian Capital Territory,2022-06-16,0,0,0,0,0,0,0,0,0,0,0,0,0,0,0,0,0,0,0,0,0,0
28,Australian Capital Territory,2022-06-17,0,0,0,0,0,0,0,0,0,0,0,0,0,0,0,0,0,0,0,0,0,0
29,Australian Capital Territory,2022-06-18,0,0,0,0,0,0,0,0,0,0,0,0,0,0,0,0,0,0,0,0,0,0
30,Australian Capital Territory,2022-06-19,0,0,0,0,0,0,0,0,0,0,0,0,0,0,0,0,0,0,0,0,0,0
31,Australian Capital Territory,2022-06-20,0,0,0,0,0,0,0,0,0,0,0,0,0,0,0,0,0,0,0,0,0,0
32,Australian Capital Territory,2022-06-21,0,0,0,0,0,0,0,0,0,0,0,0,0,0,0,0,0,0,0,0,0,0
33,Australian Capital Territory,2022-06-22,0,0,0,0,0,0,0,0,0,0,0,0,0,0,0,0,0,0,0,0,0,0
34,Australian Capital Territory,2022-06-23,0,0,0,0,0,0,0,0,0,0,0,0,0,0,0,0,0,0,0,0,0,0
35,Australian Capital Territory,2022-06-24,0,0,0,0,0,0,0,0,0,0,0,0,0,0,0,0,0,0,0,0,0,0
36,Australian Capital Territory,2022-06-25,0,0,0,0,0,0,0,0,0,0,0,0,0,0,0,0,0,0,0,0,0,0
37,Australian Capital Territory,2022-06-26,0,0,0,0,0,0,0,0,0,0,0,0,0,0,0,0,0,0,0,0,0,0
38,Australian Capital Territory,2022-06-27,0,0,0,0,0,0,0,0,0,0,0,0,0,0,0,0,0,0,0,0,0,0
39,Australian Capital Territory,2022-06-28,0,0,0,0,0,0,0,0,0,0,0,0,0,0,0,0,0,0,0,0,0,0
40,Australian Capital Territory,2022-06-29,0,0,0,0,0,0,0,0,0,0,0,0,0,0,0,0,0,0,0,0,0,0
41,Australian Capital Territory,2022-06-30,0,0,0,0,0,0,0,0,0,0,0,0,0,0,0,0,0,0,0,0,0,0
42,Australian Capital Territory,2022-07-01,0,0,0,0,0,0,0,0,0,0,0,0,0,0,0,0,0,0,0,0,0,0
43,Australian Capital Territory,2022-07-02,0,0,0,0,0,0,0,0,0,0,0,0,0,0,0,0,0,0,0,0,0,0
44,Australian Capital Territory,2022-07-03,0,0,0,0,0,0,0,0,0,0,0,0,0,0,0,0,0,0,0,0,0,0
45,Australian Capital Territory,2022-07-04,0,0,0,0,0,0,0,0,0,0,0,0,0,0,0,0,0,0,0,0,0,0
46,Australian Capital Territory,2022-07-05,0,0,0,0,0,0,0,0,0,0,0,0,0,0,0,0,0,0,0,0,0,0
47,Australian Capital Territory,2022-07-06,0,0,0,0,0,0,0,0,0,0,0,0,0,0,0,0,0,0,0,0,0,0
48,Australian Capital Territory,2022-07-07,0,0,0,0,0,0,0,0,0,0,0,0,0,0,0,0,0,0,0,0,0,0
49,Australian Capital Territory,2022-07-08,0,0,0,0,0,0,0,0,0,0,0,0,0,0,0,0,0,0,0,0,0,0
50,Australian Capital Territory,2022-07-09,0,0,0,0,0,0,0,0,0,0,0,0,0,0,0,0,0,0,0,0,0,0
51,Australian Capital Territory,2022-07-10,0,0,0,0,0,0,0,0,0,0,0,0,0,0,0,0,0,0,0,0,0,0
52,Australian Capital Territory,2022-07-11,0,0,0,0,0,0,0,0,0,0,0,0,0,0,0,0,0,0,0,0,0,0
53,Australian Capital Territory,2022-07-12,2,0,0,0,0,0,0,0,0,0,0,0,0,0,0,0,0,0,0,0,0,0
54,Australian Capital Territory,2022-07-13,0,2,0,0,0,0,0,0,0,0,0,0,0,0,0,0,0,0,0,0,0,0
55,Australian Capital Territory,2022-07-14,0,0,2,0,0,0,0,0,0,0,0,0,0,0,0,0,0,0,0,0,0,0
56,Australian Capital Territory,2022-07-15,0,0,0,2,0,0,0,0,0,0,0,0,0,0,0,0,0,0,0,0,0,0
57,Australian Capital Territory,2022-07-16,0,0,0,0,2,0,0,0,0,0,0,0,0,0,0,0,0,0,0,0,0,0
58,Australian Capital Territory,2022-07-17,0,0,0,0,0,2,0,0,0,0,0,0,0,0,0,0,0,0,0,0,0,0
59,Australian Capital Territory,2022-07-18,0,0,0,0,0,0,2,0,0,0,0,0,0,0,0,0,0,0,0,0,0,0
60,Australian Capital Territory,2022-07-19,0,0,0,0,0,0,0,2,0,0,0,0,0,0,0,0,0,0,0,0,0,0
61,Australian Capital Territory,2022-07-20,0,0,0,0,0,0,0,0,2,0,0,0,0,0,0,0,0,0,0,0,0,0
62,Australian Capital Territory,2022-07-21,0,0,0,0,0,0,0,0,0,2,0,0,0,0,0,0,0,0,0,0,0,0
63,Australian Capital Territory,2022-07-22,0,0,0,0,0,0,0,0,0,0,2,0,0,0,0,0,0,0,0,0,0,0
64,Australian Capital Territory,2022-07-23,0,0,0,0,0,0,0,0,0,0,0,2,0,0,0,0,0,0,0,0,0,0
65,Australian Capital Territory,2022-07-24,0,0,0,0,0,0,0,0,0,0,0,0,2,0,0,0,0,0,0,0,0,0
66,Australian Capital Territory,2022-07-25,0,0,0,0,0,0,0,0,0,0,0,0,0,2,0,0,0,0,0,0,0,0
67,Australian Capital Territory,2022-07-26,0,0,0,0,0,0,0,0,0,0,0,0,0,0,2,0,0,0,0,0,0,0
68,Australian Capital Territory,2022-07-27,0,0,0,0,0,0,0,0,0,0,0,0,0,0,0,2,0,0,0,0,0,0
69,Australian Capital Territory,2022-07-28,0,0,0,0,0,0,0,0,0,0,0,0,0,0,0,0,2,0,0,0,0,0
70,Australian Capital Territory,2022-07-29,0,0,0,0,0,0,0,0,0,0,0,0,0,0,0,0,0,2,0,0,0,0
71,Australian Capital Territory,2022-07-30,0,0,0,0,0,0,0,0,0,0,0,0,0,0,0,0,0,0,2,0,0,0
72,Australian Capital Territory,2022-07-31,0,0,0,0,0,0,0,0,0,0,0,0,0,0,0,0,0,0,0,2,0,0
73,Australian Capital Territory,2022-08-01,0,0,0,0,0,0,0,0,0,0,0,0,0,0,0,0,0,0,0,0,2,0
74,Australian Capital Territory,2022-08-02,0,0,0,0,0,0,0,0,0,0,0,0,0,0,0,0,0,0,0,0,0,2
75,Australian Capital Territory,2022-08-03,0,0,0,0,0,0,0,0,0,0,0,0,0,0,0,0,0,0,0,0,0,0
76,Australian Capital Territory,2022-08-04,0,0,0,0,0,0,0,0,0,0,0,0,0,0,0,0,0,0,0,0,0,0
77,Australian Capital Territory,2022-08-05,0,0,0,0,0,0,0,0,0,0,0,0,0,0,0,0,0,0,0,0,0,0
78,Australian Capital Territory,2022-08-06,0,0,0,0,0,0,0,0,0,0,0,0,0,0,0,0,0,0,0,0,0,0
79,Australian Capital Territory,2022-08-07,0,0,0,0,0,0,0,0,0,0,0,0,0,0,0,0,0,0,0,0,0,0
80,Australian Capital Territory,2022-08-08,0,0,0,0,0,0,0,0,0,0,0,0,0,0,0,0,0,0,0,0,0,0
81,Australian Capital Territory,2022-08-09,0,0,0,0,0,0,0,0,0,0,0,0,0,0,0,0,0,0,0,0,0,0
82,Australian Capital Territory,2022-08-10,0,0,0,0,0,0,0,0,0,0,0,0,0,0,0,0,0,0,0,0,0,0
83,Australian Capital Territory,2022-08-11,0,0,0,0,0,0,0,0,0,0,0,0,0,0,0,0,0,0,0,0,0,0
84,Australian Capital Territory,2022-08-12,0,0,0,0,0,0,0,0,0,0,0,0,0,0,0,0,0,0,0,0,0,0
85,Australian Capital Territory,2022-08-13,0,0,0,0,0,0,0,0,0,0,0,0,0,0,0,0,0,0,0,0,0,0
86,Australian Capital Territory,2022-08-14,0,0,0,0,0,0,0,0,0,0,0,0,0,0,0,0,0,0,0,0,0,0
87,Australian Capital Territory,2022-08-15,0,0,0,0,0,0,0,0,0,0,0,0,0,0,0,0,0,0,0,0,0,0
88,Australian Capital Territory,2022-08-16,0,0,0,0,0,0,0,0,0,0,0,0,0,0,0,0,0,0,0,0,0,0
89,Australian Capital Territory,2022-08-17,0,0,0,0,0,0,0,0,0,0,0,0,0,0,0,0,0,0,0,0,0,0
90,Australian Capital Territory,2022-08-18,0,0,0,0,0,0,0,0,0,0,0,0,0,0,0,0,0,0,0,0,0,0
91,Australian Capital Territory,2022-08-19,0,0,0,0,0,0,0,0,0,0,0,0,0,0,0,0,0,0,0,0,0,0
92,Australian Capital Territory,2022-08-20,0,0,0,0,0,0,0,0,0,0,0,0,0,0,0,0,0,0,0,0,0,0
93,Australian Capital Territory,2022-08-21,0,0,0,0,0,0,0,0,0,0,0,0,0,0,0,0,0,0,0,0,0,0
94,Australian Capital Territory,2022-08-22,0,0,0,0,0,0,0,0,0,0,0,0,0,0,0,0,0,0,0,0,0,0
95,Australian Capital Territory,2022-08-23,0,0,0,0,0,0,0,0,0,0,0,0,0,0,0,0,0,0,0,0,0,0
96,Australian Capital Territory,2022-08-24,0,0,0,0,0,0,0,0,0,0,0,0,0,0,0,0,0,0,0,0,0,0
97,Australian Capital Territory,2022-08-25,0,0,0,0,0,0,0,0,0,0,0,0,0,0,0,0,0,0,0,0,0,0
98,Australian Capital Territory,2022-08-26,0,0,0,0,0,0,0,0,0,0,0,0,0,0,0,0,0,0,0,0,0,0
99,Australian Capital Territory,2022-08-27,0,0,0,0,0,0,0,0,0,0,0,0,0,0,0,0,0,0,0,0,0,0
100,Australian Capital Territory,2022-08-28,0,0,0,0,0,0,0,0,0,0,0,0,0,0,0,0,0,0,0,0,0,0
101,Australian Capital Territory,2022-08-29,0,0,0,0,0,0,0,0,0,0,0,0,0,0,0,0,0,0,0,0,0,0
102,Australian Capital Territory,2022-08-30,0,0,0,0,0,0,0,0,0,0,0,0,0,0,0,0,0,0,0,0,0,0
103,Australian Capital Territory,2022-08-31,0,0,0,0,0,0,0,0,0,0,0,0,0,0,0,0,0,0,0,0,0,0
104,Australian Capital Territory,2022-09-01,0,0,0,0,0,0,0,0,0,0,0,0,0,0,0,0,0,0,0,0,0,0
105,Australian Capital Territory,2022-09-02,0,0,0,0,0,0,0,0,0,0,0,0,0,0,0,0,0,0,0,0,0,0
106,Australian Capital Territory,2022-09-03,0,0,0,0,0,0,0,0,0,0,0,0,0,0,0,0,0,0,0,0,0,0
107,Australian Capital Territory,2022-09-04,0,0,0,0,0,0,0,0,0,0,0,0,0,0,0,0,0,0,0,0,0,0
108,Australian Capital Territory,2022-09-05,0,0,0,0,0,0,0,0,0,0,0,0,0,0,0,0,0,0,0,0,0,0
109,Australian Capital Territory,2022-09-06,0,0,0,0,0,0,0,0,0,0,0,0,0,0,0,0,0,0,0,0,0,0
110,Australian Capital Territory,2022-09-07,0,0,0,0,0,0,0,0,0,0,0,0,0,0,0,0,0,0,0,0,0,0
111,Australian Capital Territory,2022-09-08,0,0,0,0,0,0,0,0,0,0,0,0,0,0,0,0,0,0,0,0,0,0
112,Australian Capital Territory,2022-09-09,0,0,0,0,0,0,0,0,0,0,0,0,0,0,0,0,0,0,0,0,0,0
113,Australian Capital Territory,2022-09-10,0,0,0,0,0,0,0,0,0,0,0,0,0,0,0,0,0,0,0,0,0,0
114,New South Wales,2022-05-20,1,0,0,0,0,0,0,0,0,0,0,0,0,0,0,0,0,0,0,0,0,0
115,New South Wales,2022-05-21,0,1,0,0,0,0,0,0,0,0,0,0,0,0,0,0,0,0,0,0,0,0
116,New South Wales,2022-05-22,0,0,1,0,0,0,0,0,0,0,0,0,0,0,0,0,0,0,0,0,0,0
117,New South Wales,2022-05-23,0,0,0,1,0,0,0,0,0,0,0,0,0,0,0,0,0,0,0,0,0,0
118,New South Wales,2022-05-24,0,0,0,0,1,0,0,0,0,0,0,0,0,0,0,0,0,0,0,0,0,0
119,New South Wales,2022-05-25,0,0,0,0,0,1,0,0,0,0,0,0,0,0,0,0,0,0,0,0,0,0
120,New South Wales,2022-05-26,0,0,0,0,0,0,1,0,0,0,0,0,0,0,0,0,0,0,0,0,0,0
121,New South Wales,2022-05-27,0,0,0,0,0,0,0,1,0,0,0,0,0,0,0,0,0,0,0,0,0,0
122,New South Wales,2022-05-28,0,0,0,0,0,0,0,0,1,0,0,0,0,0,0,0,0,0,0,0,0,0
123,New South Wales,2022-05-29,0,0,0,0,0,0,0,0,0,1,0,0,0,0,0,0,0,0,0,0,0,0
124,New South Wales,2022-05-30,0,0,0,0,0,0,0,0,0,0,1,0,0,0,0,0,0,0,0,0,0,0
125,New South Wales,2022-05-31,0,0,0,0,0,0,0,0,0,0,0,1,0,0,0,0,0,0,0,0,0,0
126,New South Wales,2022-06-01,0,0,0,0,0,0,0,0,0,0,0,0,1,0,0,0,0,0,0,0,0,0
127,New South Wales,2022-06-02,1,0,0,0,0,0,0,0,0,0,0,0,0,1,0,0,0,0,0,0,0,0
128,New South Wales,2022-06-03,1,1,0,0,0,0,0,0,0,0,0,0,0,0,1,0,0,0,0,0,0,0
129,New South Wales,2022-06-04,1,1,1,0,0,0,0,0,0,0,0,0,0,0,0,1,0,0,0,0,0,0
130,New South Wales,2022-06-05,0,1,1,1,0,0,0,0,0,0,0,0,0,0,0,0,1,0,0,0,0,0
131,New South Wales,2022-06-06,0,0,1,1,1,0,0,0,0,0,0,0,0,0,0,0,0,1,0,0,0,0
132,New South Wales,2022-06-07,0,0,0,1,1,1,0,0,0,0,0,0,0,0,0,0,0,0,1,0,0,0
133,New South Wales,2022-06-08,0,0,0,0,1,1,1,0,0,0,0,0,0,0,0,0,0,0,0,1,0,0
134,New South Wales,2022-06-09,0,0,0,0,0,1,1,1,0,0,0,0,0,0,0,0,0,0,0,0,1,0
135,New South Wales,2022-06-10,0,0,0,0,0,0,1,1,1,0,0,0,0,0,0,0,0,0,0,0,0,1
136,New South Wales,2022-06-11,0,0,0,0,0,0,0,1,1,1,0,0,0,0,0,0,0,0,0,0,0,0
137,New South Wales,2022-06-12,0,0,0,0,0,0,0,0,1,1,1,0,0,0,0,0,0,0,0,0,0,0
138,New South Wales,2022-06-13,0,0,0,0,0,0,0,0,0,1,1,1,0,0,0,0,0,0,0,0,0,0
139,New South Wales,2022-06-14,0,0,0,0,0,0,0,0,0,0,1,1,1,0,0,0,0,0,0,0,0,0
140,New South Wales,2022-06-15,2,0,0,0,0,0,0,0,0,0,0,1,1,1,0,0,0,0,0,0,0,0
141,New South Wales,2022-06-16,1,2,0,0,0,0,0,0,0,0,0,0,1,1,1,0,0,0,0,0,0,0
142,New South Wales,2022-06-17,0,1,2,0,0,0,0,0,0,0,0,0,0,1,1,1,0,0,0,0,0,0
143,New South Wales,2022-06-18,0,0,1,2,0,0,0,0,0,0,0,0,0,0,1,1,1,0,0,0,0,0
144,New South Wales,2022-06-19,0,0,0,1,2,0,0,0,0,0,0,0,0,0,0,1,1,1,0,0,0,0
145,New South Wales,2022-06-20,0,0,0,0,1,2,0,0,0,0,0,0,0,0,0,0,1,1,1,0,0,0
146,New South Wales,2022-06-21,0,0,0,0,0,1,2,0,0,0,0,0,0,0,0,0,0,1,1,1,0,0
147,New South Wales,2022-06-22,0,0,0,0,0,0,1,2,0,0,0,0,0,0,0,0,0,0,1,1,1,0
148,New South Wales,2022-06-23,0,0,0,0,0,0,0,1,2,0,0,0,0,0,0,0,0,0,0,1,1,1
149,New South Wales,2022-06-24,0,0,0,0,0,0,0,0,1,2,0,0,0,0,0,0,0,0,0,0,1,1
150,New South Wales,2022-06-25,0,0,0,0,0,0,0,0,0,1,2,0,0,0,0,0,0,0,0,0,0,1
151,New South Wales,2022-06-26,0,0,0,0,0,0,0,0,0,0,1,2,0,0,0,0,0,0,0,0,0,0
152,New South Wales,2022-06-27,0,0,0,0,0,0,0,0,0,0,0,1,2,0,0,0,0,0,0,0,0,0
153,New South Wales,2022-06-28,0,0,0,0,0,0,0,0,0,0,0,0,1,2,0,0,0,0,0,0,0,0
154,New South Wales,2022-06-29,0,0,0,0,0,0,0,0,0,0,0,0,0,1,2,0,0,0,0,0,0,0
155,New South Wales,2022-06-30,0,0,0,0,0,0,0,0,0,0,0,0,0,0,1,2,0,0,0,0,0,0
156,New South Wales,2022-07-01,0,0,0,0,0,0,0,0,0,0,0,0,0,0,0,1,2,0,0,0,0,0
157,New South Wales,2022-07-02,0,0,0,0,0,0,0,0,0,0,0,0,0,0,0,0,1,2,0,0,0,0
158,New South Wales,2022-07-03,0,0,0,0,0,0,0,0,0,0,0,0,0,0,0,0,0,1,2,0,0,0
159,New South Wales,2022-07-04,0,0,0,0,0,0,0,0,0,0,0,0,0,0,0,0,0,0,1,2,0,0
160,New South Wales,2022-07-05,0,0,0,0,0,0,0,0,0,0,0,0,0,0,0,0,0,0,0,1,2,0
161,New South Wales,2022-07-06,4,0,0,0,0,0,0,0,0,0,0,0,0,0,0,0,0,0,0,0,1,2
162,New South Wales,2022-07-07,2,4,0,0,0,0,0,0,0,0,0,0,0,0,0,0,0,0,0,0,0,1
163,New South Wales,2022-07-08,0,2,4,0,0,0,0,0,0,0,0,0,0,0,0,0,0,0,0,0,0,0
164,New South Wales,2022-07-09,0,0,2,4,0,0,0,0,0,0,0,0,0,0,0,0,0,0,0,0,0,0
165,New South Wales,2022-07-10,3,0,0,2,4,0,0,0,0,0,0,0,0,0,0,0,0,0,0,0,0,0
166,New South Wales,2022-07-11,0,3,0,0,2,4,0,0,0,0,0,0,0,0,0,0,0,0,0,0,0,0
167,New South Wales,2022-07-12,1,0,3,0,0,2,4,0,0,0,0,0,0,0,0,0,0,0,0,0,0,0
168,New South Wales,2022-07-13,0,1,0,3,0,0,2,4,0,0,0,0,0,0,0,0,0,0,0,0,0,0
169,New South Wales,2022-07-14,0,0,1,0,3,0,0,2,4,0,0,0,0,0,0,0,0,0,0,0,0,0
170,New South Wales,2022-07-15,0,0,0,1,0,3,0,0,2,4,0,0,0,0,0,0,0,0,0,0,0,0
171,New South Wales,2022-07-16,0,0,0,0,1,0,3,0,0,2,4,0,0,0,0,0,0,0,0,0,0,0
172,New South Wales,2022-07-17,0,0,0,0,0,1,0,3,0,0,2,4,0,0,0,0,0,0,0,0,0,0
173,New South Wales,2022-07-18,0,0,0,0,0,0,1,0,3,0,0,2,4,0,0,0,0,0,0,0,0,0
174,New South Wales,2022-07-19,5,0,0,0,0,0,0,1,0,3,0,0,2,4,0,0,0,0,0,0,0,0
175,New South Wales,2022-07-20,0,5,0,0,0,0,0,0,1,0,3,0,0,2,4,0,0,0,0,0,0,0
176,New South Wales,2022-07-21,0,0,5,0,0,0,0,0,0,1,0,3,0,0,2,4,0,0,0,0,0,0
177,New South Wales,2022-07-22,0,0,0,5,0,0,0,0,0,0,1,0,3,0,0,2,4,0,0,0,0,0
178,New South Wales,2022-07-23,0,0,0,0,5,0,0,0,0,0,0,1,0,3,0,0,2,4,0,0,0,0
179,New South Wales,2022-07-24,2,0,0,0,0,5,0,0,0,0,0,0,1,0,3,0,0,2,4,0,0,0
180,New South Wales,2022-07-25,0,2,0,0,0,0,5,0,0,0,0,0,0,1,0,3,0,0,2,4,0,0
181,New South Wales,2022-07-26,0,0,2,0,0,0,0,5,0,0,0,0,0,0,1,0,3,0,0,2,4,0
182,New South Wales,2022-07-27,0,0,0,2,0,0,0,0,5,0,0,0,0,0,0,1,0,3,0,0,2,4
183,New South Wales,2022-07-28,0,0,0,0,2,0,0,0,0,5,0,0,0,0,0,0,1,0,3,0,0,2
184,New South Wales,2022-07-29,0,0,0,0,0,2,0,0,0,0,5,0,0,0,0,0,0,1,0,3,0,0
185,New South Wales,2022-07-30,0,0,0,0,0,0,2,0,0,0,0,5,0,0,0,0,0,0,1,0,3,0
186,New South Wales,2022-07-31,0,0,0,0,0,0,0,2,0,0,0,0,5,0,0,0,0,0,0,1,0,3
187,New South Wales,2022-08-01,0,0,0,0,0,0,0,0,2,0,0,0,0,5,0,0,0,0,0,0,1,0
188,New South Wales,2022-08-02,6,0,0,0,0,0,0,0,0,2,0,0,0,0,5,0,0,0,0,0,0,1
189,New South Wales,2022-08-03,0,6,0,0,0,0,0,0,0,0,2,0,0,0,0,5,0,0,0,0,0,0
190,New South Wales,2022-08-04,1,0,6,0,0,0,0,0,0,0,0,2,0,0,0,0,5,0,0,0,0,0
191,New South Wales,2022-08-05,0,1,0,6,0,0,0,0,0,0,0,0,2,0,0,0,0,5,0,0,0,0
192,New South Wales,2022-08-06,0,0,1,0,6,0,0,0,0,0,0,0,0,2,0,0,0,0,5,0,0,0
193,New South Wales,2022-08-07,0,0,0,1,0,6,0,0,0,0,0,0,0,0,2,0,0,0,0,5,0,0
194,New South Wales,2022-08-08,0,0,0,0,1,0,6,0,0,0,0,0,0,0,0,2,0,0,0,0,5,0
195,New South Wales,2022-08-09,2,0,0,0,0,1,0,6,0,0,0,0,0,0,0,0,2,0,0,0,0,5
196,New South Wales,2022-08-10,0,2,0,0,0,0,1,0,6,0,0,0,0,0,0,0,0,2,0,0,0,0
197,New South Wales,2022-08-11,0,0,2,0,0,0,0,1,0,6,0,0,0,0,0,0,0,0,2,0,0,0
198,New South Wales,2022-08-12,0,0,0,2,0,0,0,0,1,0,6,0,0,0,0,0,0,0,0,2,0,0
199,New South Wales,2022-08-13,0,0,0,0,2,0,0,0,0,1,0,6,0,0,0,0,0,0,0,0,2,0
200,New South Wales,2022-08-14,0,0,0,0,0,2,0,0,0,0,1,0,6,0,0,0,0,0,0,0,0,2
201,New South Wales,2022-08-15,0,0,0,0,0,0,2,0,0,0,0,1,0,6,0,0,0,0,0,0,0,0
202,New South Wales,2022-08-16,3,0,0,0,0,0,0,2,0,0,0,0,1,0,6,0,0,0,0,0,0,0
203,New South Wales,2022-08-17,0,3,0,0,0,0,0,0,2,0,0,0,0,1,0,6,0,0,0,0,0,0
204,New South Wales,2022-08-18,3,0,3,0,0,0,0,0,0,2,0,0,0,0,1,0,6,0,0,0,0,0
205,New South Wales,2022-08-19,0,3,0,3,0,0,0,0,0,0,2,0,0,0,0,1,0,6,0,0,0,0
206,New South Wales,2022-08-20,0,0,3,0,3,0,0,0,0,0,0,2,0,0,0,0,1,0,6,0,0,0
207,New South Wales,2022-08-21,0,0,0,3,0,3,0,0,0,0,0,0,2,0,0,0,0,1,0,6,0,0
208,New South Wales,2022-08-22,0,0,0,0,3,0,3,0,0,0,0,0,0,2,0,0,0,0,1,0,6,0
209,New South Wales,2022-08-23,4,0,0,0,0,3,0,3,0,0,0,0,0,0,2,0,0,0,0,1,0,6
210,New South Wales,2022-08-24,0,4,0,0,0,0,3,0,3,0,0,0,0,0,0,2,0,0,0,0,1,0
211,New South Wales,2022-08-25,0,0,4,0,0,0,0,3,0,3,0,0,0,0,0,0,2,0,0,0,0,1
212,New South Wales,2022-08-26,0,0,0,4,0,0,0,0,3,0,3,0,0,0,0,0,0,2,0,0,0,0
213,New South Wales,2022-08-27,0,0,0,0,4,0,0,0,0,3,0,3,0,0,0,0,0,0,2,0,0,0
214,New South Wales,2022-08-28,0,0,0,0,0,4,0,0,0,0,3,0,3,0,0,0,0,0,0,2,0,0
215,New South Wales,2022-08-29,0,0,0,0,0,0,4,0,0,0,0,3,0,3,0,0,0,0,0,0,2,0
216,New South Wales,2022-08-30,5,0,0,0,0,0,0,4,0,0,0,0,3,0,3,0,0,0,0,0,0,2
217,New South Wales,2022-08-31,0,5,0,0,0,0,0,0,4,0,0,0,0,3,0,3,0,0,0,0,0,0
218,New South Wales,2022-09-01,0,0,5,0,0,0,0,0,0,4,0,0,0,0,3,0,3,0,0,0,0,0
219,New South Wales,2022-09-02,0,0,0,5,0,0,0,0,0,0,4,0,0,0,0,3,0,3,0,0,0,0
220,New South Wales,2022-09-03,0,0,0,0,5,0,0,0,0,0,0,4,0,0,0,0,3,0,3,0,0,0
221,New South Wales,2022-09-04,0,0,0,0,0,5,0,0,0,0,0,0,4,0,0,0,0,3,0,3,0,0
222,New South Wales,2022-09-05,1,0,0,0,0,0,5,0,0,0,0,0,0,4,0,0,0,0,3,0,3,0
223,New South Wales,2022-09-06,0,1,0,0,0,0,0,5,0,0,0,0,0,0,4,0,0,0,0,3,0,3
224,New South Wales,2022-09-07,0,0,1,0,0,0,0,0,5,0,0,0,0,0,0,4,0,0,0,0,3,0
225,New South Wales,2022-09-08,0,0,0,1,0,0,0,0,0,5,0,0,0,0,0,0,4,0,0,0,0,3
226,New South Wales,2022-09-09,0,0,0,0,1,0,0,0,0,0,5,0,0,0,0,0,0,4,0,0,0,0
227,New South Wales,2022-09-10,0,0,0,0,0,1,0,0,0,0,0,5,0,0,0,0,0,0,4,0,0,0
228,Queensland,2022-05-20,0,0,0,0,0,0,1,0,0,0,0,0,5,0,0,0,0,0,0,4,0,0
229,Queensland,2022-05-21,0,0,0,0,0,0,0,1,0,0,0,0,0,5,0,0,0,0,0,0,4,0
230,Queensland,2022-05-22,0,0,0,0,0,0,0,0,1,0,0,0,0,0,5,0,0,0,0,0,0,4
231,Queensland,2022-05-23,0,0,0,0,0,0,0,0,0,1,0,0,0,0,0,5,0,0,0,0,0,0
232,Queensland,2022-05-24,0,0,0,0,0,0,0,0,0,0,1,0,0,0,0,0,5,0,0,0,0,0
233,Queensland,2022-05-25,0,0,0,0,0,0,0,0,0,0,0,1,0,0,0,0,0,5,0,0,0,0
234,Queensland,2022-05-26,0,0,0,0,0,0,0,0,0,0,0,0,1,0,0,0,0,0,5,0,0,0
235,Queensland,2022-05-27,0,0,0,0,0,0,0,0,0,0,0,0,0,1,0,0,0,0,0,5,0,0
236,Queensland,2022-05-28,0,0,0,0,0,0,0,0,0,0,0,0,0,0,1,0,0,0,0,0,5,0
237,Queensland,2022-05-29,0,0,0,0,0,0,0,0,0,0,0,0,0,0,0,1,0,0,0,0,0,5
238,Queensland,2022-05-30,0,0,0,0,0,0,0,0,0,0,0,0,0,0,0,0,1,0,0,0,0,0
239,Queensland,2022-05-31,0,0,0,0,0,0,0,0,0,0,0,0,0,0,0,0,0,1,0,0,0,0
240,Queensland,2022-06-01,0,0,0,0,0,0,0,0,0,0,0,0,0,0,0,0,0,0,1,0,0,0
241,Queensland,2022-06-02,0,0,0,0,0,0,0,0,0,0,0,0,0,0,0,0,0,0,0,1,0,0
242,Queensland,2022-06-03,0,0,0,0,0,0,0,0,0,0,0,0,0,0,0,0,0,0,0,0,1,0
243,Queensland,2022-06-04,0,0,0,0,0,0,0,0,0,0,0,0,0,0,0,0,0,0,0,0,0,1
244,Queensland,2022-06-05,0,0,0,0,0,0,0,0,0,0,0,0,0,0,0,0,0,0,0,0,0,0
245,Queensland,2022-06-06,0,0,0,0,0,0,0,0,0,0,0,0,0,0,0,0,0,0,0,0,0,0
246,Queensland,2022-06-07,0,0,0,0,0,0,0,0,0,0,0,0,0,0,0,0,0,0,0,0,0,0
247,Queensland,2022-06-08,0,0,0,0,0,0,0,0,0,0,0,0,0,0,0,0,0,0,0,0,0,0
248,Queensland,2022-06-09,0,0,0,0,0,0,0,0,0,0,0,0,0,0,0,0,0,0,0,0,0,0
249,Queensland,2022-06-10,0,0,0,0,0,0,0,0,0,0,0,0,0,0,0,0,0,0,0,0,0,0
250,Queensland,2022-06-11,0,0,0,0,0,0,0,0,0,0,0,0,0,0,0,0,0,0,0,0,0,0
251,Queensland,2022-06-12,0,0,0,0,0,0,0,0,0,0,0,0,0,0,0,0,0,0,0,0,0,0
252,Queensland,2022-06-13,0,0,0,0,0,0,0,0,0,0,0,0,0,0,0,0,0,0,0,0,0,0
253,Queensland,2022-06-14,0,0,0,0,0,0,0,0,0,0,0,0,0,0,0,0,0,0,0,0,0,0
254,Queensland,2022-06-15,0,0,0,0,0,0,0,0,0,0,0,0,0,0,0,0,0,0,0,0,0,0
255,Queensland,2022-06-16,0,0,0,0,0,0,0,0,0,0,0,0,0,0,0,0,0,0,0,0,0,0
256,Queensland,2022-06-17,0,0,0,0,0,0,0,0,0,0,0,0,0,0,0,0,0,0,0,0,0,0
257,Queensland,2022-06-18,0,0,0,0,0,0,0,0,0,0,0,0,0,0,0,0,0,0,0,0,0,0
258,Queensland,2022-06-19,0,0,0,0,0,0,0,0,0,0,0,0,0,0,0,0,0,0,0,0,0,0
259,Queensland,2022-06-20,0,0,0,0,0,0,0,0,0,0,0,0,0,0,0,0,0,0,0,0,0,0
260,Queensland,2022-06-21,0,0,0,0,0,0,0,0,0,0,0,0,0,0,0,0,0,0,0,0,0,0
261,Queensland,2022-06-22,0,0,0,0,0,0,0,0,0,0,0,0,0,0,0,0,0,0,0,0,0,0
262,Queensland,2022-06-23,0,0,0,0,0,0,0,0,0,0,0,0,0,0,0,0,0,0,0,0,0,0
263,Queensland,2022-06-24,0,0,0,0,0,0,0,0,0,0,0,0,0,0,0,0,0,0,0,0,0,0
264,Queensland,2022-06-25,0,0,0,0,0,0,0,0,0,0,0,0,0,0,0,0,0,0,0,0,0,0
265,Queensland,2022-06-26,0,0,0,0,0,0,0,0,0,0,0,0,0,0,0,0,0,0,0,0,0,0
266,Queensland,2022-06-27,0,0,0,0,0,0,0,0,0,0,0,0,0,0,0,0,0,0,0,0,0,0
267,Queensland,2022-06-28,0,0,0,0,0,0,0,0,0,0,0,0,0,0,0,0,0,0,0,0,0,0
268,Queensland,2022-06-29,0,0,0,0,0,0,0,0,0,0,0,0,0,0,0,0,0,0,0,0,0,0
269,Queensland,2022-06-30,0,0,0,0,0,0,0,0,0,0,0,0,0,0,0,0,0,0,0,0,0,0
270,Queensland,2022-07-01,0,0,0,0,0,0,0,0,0,0,0,0,0,0,0,0,0,0,0,0,0,0
271,Queensland,2022-07-02,0,0,0,0,0,0,0,0,0,0,0,0,0,0,0,0,0,0,0,0,0,0
272,Queensland,2022-07-03,0,0,0,0,0,0,0,0,0,0,0,0,0,0,0,0,0,0,0,0,0,0
273,Queensland,2022-07-04,0,0,0,0,0,0,0,0,0,0,0,0,0,0,0,0,0,0,0,0,0,0
274,Queensland,2022-07-05,0,0,0,0,0,0,0,0,0,0,0,0,0,0,0,0,0,0,0,0,0,0
275,Queensland,2022-07-06,0,0,0,0,0,0,0,0,0,0,0,0,0,0,0,0,0,0,0,0,0,0
276,Queensland,2022-07-07,0,0,0,0,0,0,0,0,0,0,0,0,0,0,0,0,0,0,0,0,0,0
277,Queensland,2022-07-08,0,0,0,0,0,0,0,0,0,0,0,0,0,0,0,0,0,0,0,0,0,0
278,Queensland,2022-07-09,0,0,0,0,0,0,0,0,0,0,0,0,0,0,0,0,0,0,0,0,0,0
279,Queensland,2022-07-10,1,0,0,0,0,0,0,0,0,0,0,0,0,0,0,0,0,0,0,0,0,0
280,Queensland,2022-07-11,0,1,0,0,0,0,0,0,0,0,0,0,0,0,0,0,0,0,0,0,0,0
281,Queensland,2022-07-12,0,0,1,0,0,0,0,0,0,0,0,0,0,0,0,0,0,0,0,0,0,0
282,Queensland,2022-07-13,0,0,0,1,0,0,0,0,0,0,0,0,0,0,0,0,0,0,0,0,0,0
283,Queensland,2022-07-14,0,0,0,0,1,0,0,0,0,0,0,0,0,0,0,0,0,0,0,0,0,0
284,Queensland,2022-07-15,0,0,0,0,0,1,0,0,0,0,0,0,0,0,0,0,0,0,0,0,0,0
285,Queensland,2022-07-16,0,0,0,0,0,0,1,0,0,0,0,0,0,0,0,0,0,0,0,0,0,0
286,Queensland,2022-07-17,0,0,0,0,0,0,0,1,0,0,0,0,0,0,0,0,0,0,0,0,0,0
287,Queensland,2022-07-18,0,0,0,0,0,0,0,0,1,0,0,0,0,0,0,0,0,0,0,0,0,0
288,Queensland,2022-07-19,0,0,0,0,0,0,0,0,0,1,0,0,0,0,0,0,0,0,0,0,0,0
289,Queensland,2022-07-20,0,0,0,0,0,0,0,0,0,0,1,0,0,0,0,0,0,0,0,0,0,0
290,Queensland,2022-07-21,0,0,0,0,0,0,0,0,0,0,0,1,0,0,0,0,0,0,0,0,0,0
291,Queensland,2022-07-22,0,0,0,0,0,0,0,0,0,0,0,0,1,0,0,0,0,0,0,0,0,0
292,Queensland,2022-07-23,0,0,0,0,0,0,0,0,0,0,0,0,0,1,0,0,0,0,0,0,0,0
293,Queensland,2022-07-24,0,0,0,0,0,0,0,0,0,0,0,0,0,0,1,0,0,0,0,0,0,0
294,Queensland,2022-07-25,0,0,0,0,0,0,0,0,0,0,0,0,0,0,0,1,0,0,0,0,0,0
295,Queensland,2022-07-26,0,0,0,0,0,0,0,0,0,0,0,0,0,0,0,0,1,0,0,0,0,0
296,Queensland,2022-07-27,0,0,0,0,0,0,0,0,0,0,0,0,0,0,0,0,0,1,0,0,0,0
297,Queensland,2022-07-28,0,0,0,0,0,0,0,0,0,0,0,0,0,0,0,0,0,0,1,0,0,0
298,Queensland,2022-07-29,0,0,0,0,0,0,0,0,0,0,0,0,0,0,0,0,0,0,0,1,0,0
299,Queensland,2022-07-30,0,0,0,0,0,0,0,0,0,0,0,0,0,0,0,0,0,0,0,0,1,0
300,Queensland,2022-07-31,0,0,0,0,0,0,0,0,0,0,0,0,0,0,0,0,0,0,0,0,0,1
301,Queensland,2022-08-01,0,0,0,0,0,0,0,0,0,0,0,0,0,0,0,0,0,0,0,0,0,0
302,Queensland,2022-08-02,0,0,0,0,0,0,0,0,0,0,0,0,0,0,0,0,0,0,0,0,0,0
303,Queensland,2022-08-03,0,0,0,0,0,0,0,0,0,0,0,0,0,0,0,0,0,0,0,0,0,0
304,Queensland,2022-08-04,0,0,0,0,0,0,0,0,0,0,0,0,0,0,0,0,0,0,0,0,0,0
305,Queensland,2022-08-05,0,0,0,0,0,0,0,0,0,0,0,0,0,0,0,0,0,0,0,0,0,0
306,Queensland,2022-08-06,0,0,0,0,0,0,0,0,0,0,0,0,0,0,0,0,0,0,0,0,0,0
307,Queensland,2022-08-07,0,0,0,0,0,0,0,0,0,0,0,0,0,0,0,0,0,0,0,0,0,0
308,Queensland,2022-08-08,0,0,0,0,0,0,0,0,0,0,0,0,0,0,0,0,0,0,0,0,0,0
309,Queensland,2022-08-09,1,0,0,0,0,0,0,0,0,0,0,0,0,0,0,0,0,0,0,0,0,0
310,Queensland,2022-08-10,0,1,0,0,0,0,0,0,0,0,0,0,0,0,0,0,0,0,0,0,0,0
311,Queensland,2022-08-11,0,0,1,0,0,0,0,0,0,0,0,0,0,0,0,0,0,0,0,0,0,0
312,Queensland,2022-08-12,0,0,0,1,0,0,0,0,0,0,0,0,0,0,0,0,0,0,0,0,0,0
313,Queensland,2022-08-13,0,0,0,0,1,0,0,0,0,0,0,0,0,0,0,0,0,0,0,0,0,0
314,Queensland,2022-08-14,0,0,0,0,0,1,0,0,0,0,0,0,0,0,0,0,0,0,0,0,0,0
315,Queensland,2022-08-15,0,0,0,0,0,0,1,0,0,0,0,0,0,0,0,0,0,0,0,0,0,0
316,Queensland,2022-08-16,1,0,0,0,0,0,0,1,0,0,0,0,0,0,0,0,0,0,0,0,0,0
317,Queensland,2022-08-17,0,1,0,0,0,0,0,0,1,0,0,0,0,0,0,0,0,0,0,0,0,0
318,Queensland,2022-08-18,0,0,1,0,0,0,0,0,0,1,0,0,0,0,0,0,0,0,0,0,0,0
319,Queensland,2022-08-19,0,0,0,1,0,0,0,0,0,0,1,0,0,0,0,0,0,0,0,0,0,0
320,Queensland,2022-08-20,0,0,0,0,1,0,0,0,0,0,0,1,0,0,0,0,0,0,0,0,0,0
321,Queensland,2022-08-21,0,0,0,0,0,1,0,0,0,0,0,0,1,0,0,0,0,0,0,0,0,0
322,Queensland,2022-08-22,0,0,0,0,0,0,1,0,0,0,0,0,0,1,0,0,0,0,0,0,0,0
323,Queensland,2022-08-23,0,0,0,0,0,0,0,1,0,0,0,0,0,0,1,0,0,0,0,0,0,0
324,Queensland,2022-08-24,0,0,0,0,0,0,0,0,1,0,0,0,0,0,0,1,0,0,0,0,0,0
325,Queensland,2022-08-25,0,0,0,0,0,0,0,0,0,1,0,0,0,0,0,0,1,0,0,0,0,0
326,Queensland,2022-08-26,0,0,0,0,0,0,0,0,0,0,1,0,0,0,0,0,0,1,0,0,0,0
327,Queensland,2022-08-27,0,0,0,0,0,0,0,0,0,0,0,1,0,0,0,0,0,0,1,0,0,0
328,Queensland,2022-08-28,0,0,0,0,0,0,0,0,0,0,0,0,1,0,0,0,0,0,0,1,0,0
329,Queensland,2022-08-29,0,0,0,0,0,0,0,0,0,0,0,0,0,1,0,0,0,0,0,0,1,0
330,Queensland,2022-08-30,0,0,0,0,0,0,0,0,0,0,0,0,0,0,1,0,0,0,0,0,0,1
331,Queensland,2022-08-31,0,0,0,0,0,0,0,0,0,0,0,0,0,0,0,1,0,0,0,0,0,0
332,Queensland,2022-09-01,0,0,0,0,0,0,0,0,0,0,0,0,0,0,0,0,1,0,0,0,0,0
333,Queensland,2022-09-02,0,0,0,0,0,0,0,0,0,0,0,0,0,0,0,0,0,1,0,0,0,0
334,Queensland,2022-09-03,0,0,0,0,0,0,0,0,0,0,0,0,0,0,0,0,0,0,1,0,0,0
335,Queensland,2022-09-04,0,0,0,0,0,0,0,0,0,0,0,0,0,0,0,0,0,0,0,1,0,0
336,Queensland,2022-09-05,0,0,0,0,0,0,0,0,0,0,0,0,0,0,0,0,0,0,0,0,1,0
337,Queensland,2022-09-06,0,0,0,0,0,0,0,0,0,0,0,0,0,0,0,0,0,0,0,0,0,1
338,Queensland,2022-09-07,0,0,0,0,0,0,0,0,0,0,0,0,0,0,0,0,0,0,0,0,0,0
339,Queensland,2022-09-08,0,0,0,0,0,0,0,0,0,0,0,0,0,0,0,0,0,0,0,0,0,0
340,Queensland,2022-09-09,0,0,0,0,0,0,0,0,0,0,0,0,0,0,0,0,0,0,0,0,0,0
341,Queensland,2022-09-10,0,0,0,0,0,0,0,0,0,0,0,0,0,0,0,0,0,0,0,0,0,0
342,South Australia,2022-05-20,0,0,0,0,0,0,0,0,0,0,0,0,0,0,0,0,0,0,0,0,0,0
343,South Australia,2022-05-21,0,0,0,0,0,0,0,0,0,0,0,0,0,0,0,0,0,0,0,0,0,0
344,South Australia,2022-05-22,0,0,0,0,0,0,0,0,0,0,0,0,0,0,0,0,0,0,0,0,0,0
345,South Australia,2022-05-23,0,0,0,0,0,0,0,0,0,0,0,0,0,0,0,0,0,0,0,0,0,0
346,South Australia,2022-05-24,0,0,0,0,0,0,0,0,0,0,0,0,0,0,0,0,0,0,0,0,0,0
347,South Australia,2022-05-25,0,0,0,0,0,0,0,0,0,0,0,0,0,0,0,0,0,0,0,0,0,0
348,South Australia,2022-05-26,0,0,0,0,0,0,0,0,0,0,0,0,0,0,0,0,0,0,0,0,0,0
349,South Australia,2022-05-27,0,0,0,0,0,0,0,0,0,0,0,0,0,0,0,0,0,0,0,0,0,0
350,South Australia,2022-05-28,0,0,0,0,0,0,0,0,0,0,0,0,0,0,0,0,0,0,0,0,0,0
351,South Australia,2022-05-29,0,0,0,0,0,0,0,0,0,0,0,0,0,0,0,0,0,0,0,0,0,0
352,South Australia,2022-05-30,0,0,0,0,0,0,0,0,0,0,0,0,0,0,0,0,0,0,0,0,0,0
353,South Australia,2022-05-31,0,0,0,0,0,0,0,0,0,0,0,0,0,0,0,0,0,0,0,0,0,0
354,South Australia,2022-06-01,0,0,0,0,0,0,0,0,0,0,0,0,0,0,0,0,0,0,0,0,0,0
355,South Australia,2022-06-02,0,0,0,0,0,0,0,0,0,0,0,0,0,0,0,0,0,0,0,0,0,0
356,South Australia,2022-06-03,0,0,0,0,0,0,0,0,0,0,0,0,0,0,0,0,0,0,0,0,0,0
357,South Australia,2022-06-04,0,0,0,0,0,0,0,0,0,0,0,0,0,0,0,0,0,0,0,0,0,0
358,South Australia,2022-06-05,0,0,0,0,0,0,0,0,0,0,0,0,0,0,0,0,0,0,0,0,0,0
359,South Australia,2022-06-06,0,0,0,0,0,0,0,0,0,0,0,0,0,0,0,0,0,0,0,0,0,0
360,South Australia,2022-06-07,0,0,0,0,0,0,0,0,0,0,0,0,0,0,0,0,0,0,0,0,0,0
361,South Australia,2022-06-08,0,0,0,0,0,0,0,0,0,0,0,0,0,0,0,0,0,0,0,0,0,0
362,South Australia,2022-06-09,0,0,0,0,0,0,0,0,0,0,0,0,0,0,0,0,0,0,0,0,0,0
363,South Australia,2022-06-10,0,0,0,0,0,0,0,0,0,0,0,0,0,0,0,0,0,0,0,0,0,0
364,South Australia,2022-06-11,0,0,0,0,0,0,0,0,0,0,0,0,0,0,0,0,0,0,0,0,0,0
365,South Australia,2022-06-12,0,0,0,0,0,0,0,0,0,0,0,0,0,0,0,0,0,0,0,0,0,0
366,South Australia,2022-06-13,0,0,0,0,0,0,0,0,0,0,0,0,0,0,0,0,0,0,0,0,0,0
367,South Australia,2022-06-14,0,0,0,0,0,0,0,0,0,0,0,0,0,0,0,0,0,0,0,0,0,0
368,South Australia,2022-06-15,0,0,0,0,0,0,0,0,0,0,0,0,0,0,0,0,0,0,0,0,0,0
369,South Australia,2022-06-16,0,0,0,0,0,0,0,0,0,0,0,0,0,0,0,0,0,0,0,0,0,0
370,South Australia,2022-06-17,0,0,0,0,0,0,0,0,0,0,0,0,0,0,0,0,0,0,0,0,0,0
371,South Australia,2022-06-18,0,0,0,0,0,0,0,0,0,0,0,0,0,0,0,0,0,0,0,0,0,0
372,South Australia,2022-06-19,0,0,0,0,0,0,0,0,0,0,0,0,0,0,0,0,0,0,0,0,0,0
373,South Australia,2022-06-20,0,0,0,0,0,0,0,0,0,0,0,0,0,0,0,0,0,0,0,0,0,0
374,South Australia,2022-06-21,0,0,0,0,0,0,0,0,0,0,0,0,0,0,0,0,0,0,0,0,0,0
375,South Australia,2022-06-22,0,0,0,0,0,0,0,0,0,0,0,0,0,0,0,0,0,0,0,0,0,0
376,South Australia,2022-06-23,0,0,0,0,0,0,0,0,0,0,0,0,0,0,0,0,0,0,0,0,0,0
377,South Australia,2022-06-24,0,0,0,0,0,0,0,0,0,0,0,0,0,0,0,0,0,0,0,0,0,0
378,South Australia,2022-06-25,0,0,0,0,0,0,0,0,0,0,0,0,0,0,0,0,0,0,0,0,0,0
379,South Australia,2022-06-26,0,0,0,0,0,0,0,0,0,0,0,0,0,0,0,0,0,0,0,0,0,0
380,South Australia,2022-06-27,0,0,0,0,0,0,0,0,0,0,0,0,0,0,0,0,0,0,0,0,0,0
381,South Australia,2022-06-28,0,0,0,0,0,0,0,0,0,0,0,0,0,0,0,0,0,0,0,0,0,0
382,South Australia,2022-06-29,0,0,0,0,0,0,0,0,0,0,0,0,0,0,0,0,0,0,0,0,0,0
383,South Australia,2022-06-30,1,0,0,0,0,0,0,0,0,0,0,0,0,0,0,0,0,0,0,0,0,0
384,South Australia,2022-07-01,0,1,0,0,0,0,0,0,0,0,0,0,0,0,0,0,0,0,0,0,0,0
385,South Australia,2022-07-02,0,0,1,0,0,0,0,0,0,0,0,0,0,0,0,0,0,0,0,0,0,0
386,South Australia,2022-07-03,0,0,0,1,0,0,0,0,0,0,0,0,0,0,0,0,0,0,0,0,0,0
387,South Australia,2022-07-04,0,0,0,0,1,0,0,0,0,0,0,0,0,0,0,0,0,0,0,0,0,0
388,South Australia,2022-07-05,0,0,0,0,0,1,0,0,0,0,0,0,0,0,0,0,0,0,0,0,0,0
389,South Australia,2022-07-06,0,0,0,0,0,0,1,0,0,0,0,0,0,0,0,0,0,0,0,0,0,0
390,South Australia,2022-07-07,0,0,0,0,0,0,0,1,0,0,0,0,0,0,0,0,0,0,0,0,0,0
391,South Australia,2022-07-08,0,0,0,0,0,0,0,0,1,0,0,0,0,0,0,0,0,0,0,0,0,0
392,South Australia,2022-07-09,0,0,0,0,0,0,0,0,0,1,0,0,0,0,0,0,0,0,0,0,0,0
393,South Australia,2022-07-10,0,0,0,0,0,0,0,0,0,0,1,0,0,0,0,0,0,0,0,0,0,0
394,South Australia,2022-07-11,0,0,0,0,0,0,0,0,0,0,0,1,0,0,0,0,0,0,0,0,0,0
395,South Australia,2022-07-12,0,0,0,0,0,0,0,0,0,0,0,0,1,0,0,0,0,0,0,0,0,0
396,South Australia,2022-07-13,0,0,0,0,0,0,0,0,0,0,0,0,0,1,0,0,0,0,0,0,0,0
397,South Australia,2022-07-14,0,0,0,0,0,0,0,0,0,0,0,0,0,0,1,0,0,0,0,0,0,0
398,South Australia,2022-07-15,0,0,0,0,0,0,0,0,0,0,0,0,0,0,0,1,0,0,0,0,0,0
399,South Australia,2022-07-16,0,0,0,0,0,0,0,0,0,0,0,0,0,0,0,0,1,0,0,0,0,0
400,South Australia,2022-07-17,0,0,0,0,0,0,0,0,0,0,0,0,0,0,0,0,0,1,0,0,0,0
401,South Australia,2022-07-18,0,0,0,0,0,0,0,0,0,0,0,0,0,0,0,0,0,0,1,0,0,0
402,South Australia,2022-07-19,0,0,0,0,0,0,0,0,0,0,0,0,0,0,0,0,0,0,0,1,0,0
403,South Australia,2022-07-20,0,0,0,0,0,0,0,0,0,0,0,0,0,0,0,0,0,0,0,0,1,0
404,South Australia,2022-07-21,0,0,0,0,0,0,0,0,0,0,0,0,0,0,0,0,0,0,0,0,0,1
405,South Australia,2022-07-22,0,0,0,0,0,0,0,0,0,0,0,0,0,0,0,0,0,0,0,0,0,0
406,South Australia,2022-07-23,0,0,0,0,0,0,0,0,0,0,0,0,0,0,0,0,0,0,0,0,0,0
407,South Australia,2022-07-24,0,0,0,0,0,0,0,0,0,0,0,0,0,0,0,0,0,0,0,0,0,0
408,South Australia,2022-07-25,0,0,0,0,0,0,0,0,0,0,0,0,0,0,0,0,0,0,0,0,0,0
409,South Australia,2022-07-26,0,0,0,0,0,0,0,0,0,0,0,0,0,0,0,0,0,0,0,0,0,0
410,South Australia,2022-07-27,0,0,0,0,0,0,0,0,0,0,0,0,0,0,0,0,0,0,0,0,0,0
411,South Australia,2022-07-28,0,0,0,0,0,0,0,0,0,0,0,0,0,0,0,0,0,0,0,0,0,0
412,South Australia,2022-07-29,0,0,0,0,0,0,0,0,0,0,0,0,0,0,0,0,0,0,0,0,0,0
413,South Australia,2022-07-30,0,0,0,0,0,0,0,0,0,0,0,0,0,0,0,0,0,0,0,0,0,0
414,South Australia,2022-07-31,0,0,0,0,0,0,0,0,0,0,0,0,0,0,0,0,0,0,0,0,0,0
415,South Australia,2022-08-01,0,0,0,0,0,0,0,0,0,0,0,0,0,0,0,0,0,0,0,0,0,0
416,South Australia,2022-08-02,0,0,0,0,0,0,0,0,0,0,0,0,0,0,0,0,0,0,0,0,0,0
417,South Australia,2022-08-03,0,0,0,0,0,0,0,0,0,0,0,0,0,0,0,0,0,0,0,0,0,0
418,South Australia,2022-08-04,0,0,0,0,0,0,0,0,0,0,0,0,0,0,0,0,0,0,0,0,0,0
419,South Australia,2022-08-05,0,0,0,0,0,0,0,0,0,0,0,0,0,0,0,0,0,0,0,0,0,0
420,South Australia,2022-08-06,0,0,0,0,0,0,0,0,0,0,0,0,0,0,0,0,0,0,0,0,0,0
421,South Australia,2022-08-07,0,0,0,0,0,0,0,0,0,0,0,0,0,0,0,0,0,0,0,0,0,0
422,South Australia,2022-08-08,0,0,0,0,0,0,0,0,0,0,0,0,0,0,0,0,0,0,0,0,0,0
423,South Australia,2022-08-09,0,0,0,0,0,0,0,0,0,0,0,0,0,0,0,0,0,0,0,0,0,0
424,South Australia,2022-08-10,0,0,0,0,0,0,0,0,0,0,0,0,0,0,0,0,0,0,0,0,0,0
425,South Australia,2022-08-11,0,0,0,0,0,0,0,0,0,0,0,0,0,0,0,0,0,0,0,0,0,0
426,South Australia,2022-08-12,0,0,0,0,0,0,0,0,0,0,0,0,0,0,0,0,0,0,0,0,0,0
427,South Australia,2022-08-13,0,0,0,0,0,0,0,0,0,0,0,0,0,0,0,0,0,0,0,0,0,0
428,South Australia,2022-08-14,0,0,0,0,0,0,0,0,0,0,0,0,0,0,0,0,0,0,0,0,0,0
429,South Australia,2022-08-15,0,0,0,0,0,0,0,0,0,0,0,0,0,0,0,0,0,0,0,0,0,0
430,South Australia,2022-08-16,1,0,0,0,0,0,0,0,0,0,0,0,0,0,0,0,0,0,0,0,0,0
431,South Australia,2022-08-17,0,1,0,0,0,0,0,0,0,0,0,0,0,0,0,0,0,0,0,0,0,0
432,South Australia,2022-08-18,0,0,1,0,0,0,0,0,0,0,0,0,0,0,0,0,0,0,0,0,0,0
433,South Australia,2022-08-19,0,0,0,1,0,0,0,0,0,0,0,0,0,0,0,0,0,0,0,0,0,0
434,South Australia,2022-08-20,0,0,0,0,1,0,0,0,0,0,0,0,0,0,0,0,0,0,0,0,0,0
435,South Australia,2022-08-21,0,0,0,0,0,1,0,0,0,0,0,0,0,0,0,0,0,0,0,0,0,0
436,South Australia,2022-08-22,0,0,0,0,0,0,1,0,0,0,0,0,0,0,0,0,0,0,0,0,0,0
437,South Australia,2022-08-23,0,0,0,0,0,0,0,1,0,0,0,0,0,0,0,0,0,0,0,0,0,0
438,South Australia,2022-08-24,0,0,0,0,0,0,0,0,1,0,0,0,0,0,0,0,0,0,0,0,0,0
439,South Australia,2022-08-25,0,0,0,0,0,0,0,0,0,1,0,0,0,0,0,0,0,0,0,0,0,0
440,South Australia,2022-08-26,0,0,0,0,0,0,0,0,0,0,1,0,0,0,0,0,0,0,0,0,0,0
441,South Australia,2022-08-27,0,0,0,0,0,0,0,0,0,0,0,1,0,0,0,0,0,0,0,0,0,0
442,South Australia,2022-08-28,0,0,0,0,0,0,0,0,0,0,0,0,1,0,0,0,0,0,0,0,0,0
443,South Australia,2022-08-29,0,0,0,0,0,0,0,0,0,0,0,0,0,1,0,0,0,0,0,0,0,0
444,South Australia,2022-08-30,0,0,0,0,0,0,0,0,0,0,0,0,0,0,1,0,0,0,0,0,0,0
445,South Australia,2022-08-31,0,0,0,0,0,0,0,0,0,0,0,0,0,0,0,1,0,0,0,0,0,0
446,South Australia,2022-09-01,0,0,0,0,0,0,0,0,0,0,0,0,0,0,0,0,1,0,0,0,0,0
447,South Australia,2022-09-02,0,0,0,0,0,0,0,0,0,0,0,0,0,0,0,0,0,1,0,0,0,0
448,South Australia,2022-09-03,0,0,0,0,0,0,0,0,0,0,0,0,0,0,0,0,0,0,1,0,0,0
449,South Australia,2022-09-04,0,0,0,0,0,0,0,0,0,0,0,0,0,0,0,0,0,0,0,1,0,0
450,South Australia,2022-09-05,0,0,0,0,0,0,0,0,0,0,0,0,0,0,0,0,0,0,0,0,1,0
451,South Australia,2022-09-06,0,0,0,0,0,0,0,0,0,0,0,0,0,0,0,0,0,0,0,0,0,1
452,South Australia,2022-09-07,0,0,0,0,0,0,0,0,0,0,0,0,0,0,0,0,0,0,0,0,0,0
453,South Australia,2022-09-08,0,0,0,0,0,0,0,0,0,0,0,0,0,0,0,0,0,0,0,0,0,0
454,South Australia,2022-09-09,0,0,0,0,0,0,0,0,0,0,0,0,0,0,0,0,0,0,0,0,0,0
455,South Australia,2022-09-10,0,0,0,0,0,0,0,0,0,0,0,0,0,0,0,0,0,0,0,0,0,0
456,Victoria,2022-05-20,1,0,0,0,0,0,0,0,0,0,0,0,0,0,0,0,0,0,0,0,0,0
457,Victoria,2022-05-21,0,1,0,0,0,0,0,0,0,0,0,0,0,0,0,0,0,0,0,0,0,0
458,Victoria,2022-05-22,0,0,1,0,0,0,0,0,0,0,0,0,0,0,0,0,0,0,0,0,0,0
459,Victoria,2022-05-23,0,0,0,1,0,0,0,0,0,0,0,0,0,0,0,0,0,0,0,0,0,0
460,Victoria,2022-05-24,0,0,0,0,1,0,0,0,0,0,0,0,0,0,0,0,0,0,0,0,0,0
461,Victoria,2022-05-25,0,0,0,0,0,1,0,0,0,0,0,0,0,0,0,0,0,0,0,0,0,0
462,Victoria,2022-05-26,0,0,0,0,0,0,1,0,0,0,0,0,0,0,0,0,0,0,0,0,0,0
463,Victoria,2022-05-27,0,0,0,0,0,0,0,1,0,0,0,0,0,0,0,0,0,0,0,0,0,0
464,Victoria,2022-05-28,0,0,0,0,0,0,0,0,1,0,0,0,0,0,0,0,0,0,0,0,0,0
465,Victoria,2022-05-29,0,0,0,0,0,0,0,0,0,1,0,0,0,0,0,0,0,0,0,0,0,0
466,Victoria,2022-05-30,0,0,0,0,0,0,0,0,0,0,1,0,0,0,0,0,0,0,0,0,0,0
467,Victoria,2022-05-31,0,0,0,0,0,0,0,0,0,0,0,1,0,0,0,0,0,0,0,0,0,0
468,Victoria,2022-06-01,0,0,0,0,0,0,0,0,0,0,0,0,1,0,0,0,0,0,0,0,0,0
469,Victoria,2022-06-02,1,0,0,0,0,0,0,0,0,0,0,0,0,1,0,0,0,0,0,0,0,0
470,Victoria,2022-06-03,0,1,0,0,0,0,0,0,0,0,0,0,0,0,1,0,0,0,0,0,0,0
471,Victoria,2022-06-04,0,0,1,0,0,0,0,0,0,0,0,0,0,0,0,1,0,0,0,0,0,0
472,Victoria,2022-06-05,0,0,0,1,0,0,0,0,0,0,0,0,0,0,0,0,1,0,0,0,0,0
473,Victoria,2022-06-06,0,0,0,0,1,0,0,0,0,0,0,0,0,0,0,0,0,1,0,0,0,0
474,Victoria,2022-06-07,0,0,0,0,0,1,0,0,0,0,0,0,0,0,0,0,0,0,1,0,0,0
475,Victoria,2022-06-08,0,0,0,0,0,0,1,0,0,0,0,0,0,0,0,0,0,0,0,1,0,0
476,Victoria,2022-06-09,2,0,0,0,0,0,0,1,0,0,0,0,0,0,0,0,0,0,0,0,1,0
477,Victoria,2022-06-10,0,2,0,0,0,0,0,0,1,0,0,0,0,0,0,0,0,0,0,0,0,1
478,Victoria,2022-06-11,0,0,2,0,0,0,0,0,0,1,0,0,0,0,0,0,0,0,0,0,0,0
479,Victoria,2022-06-12,0,0,0,2,0,0,0,0,0,0,1,0,0,0,0,0,0,0,0,0,0,0
480,Victoria,2022-06-13,0,0,0,0,2,0,0,0,0,0,0,1,0,0,0,0,0,0,0,0,0,0
481,Victoria,2022-06-14,0,0,0,0,0,2,0,0,0,0,0,0,1,0,0,0,0,0,0,0,0,0
482,Victoria,2022-06-15,0,0,0,0,0,0,2,0,0,0,0,0,0,1,0,0,0,0,0,0,0,0
483,Victoria,2022-06-16,0,0,0,0,0,0,0,2,0,0,0,0,0,0,1,0,0,0,0,0,0,0
484,Victoria,2022-06-17,0,0,0,0,0,0,0,0,2,0,0,0,0,0,0,1,0,0,0,0,0,0
485,Victoria,2022-06-18,0,0,0,0,0,0,0,0,0,2,0,0,0,0,0,0,1,0,0,0,0,0
486,Victoria,2022-06-19,0,0,0,0,0,0,0,0,0,0,2,0,0,0,0,0,0,1,0,0,0,0
487,Victoria,2022-06-20,0,0,0,0,0,0,0,0,0,0,0,2,0,0,0,0,0,0,1,0,0,0
488,Victoria,2022-06-21,0,0,0,0,0,0,0,0,0,0,0,0,2,0,0,0,0,0,0,1,0,0
489,Victoria,2022-06-22,0,0,0,0,0,0,0,0,0,0,0,0,0,2,0,0,0,0,0,0,1,0
490,Victoria,2022-06-23,0,0,0,0,0,0,0,0,0,0,0,0,0,0,2,0,0,0,0,0,0,1
491,Victoria,2022-06-24,0,0,0,0,0,0,0,0,0,0,0,0,0,0,0,2,0,0,0,0,0,0
492,Victoria,2022-06-25,0,0,0,0,0,0,0,0,0,0,0,0,0,0,0,0,2,0,0,0,0,0
493,Victoria,2022-06-26,0,0,0,0,0,0,0,0,0,0,0,0,0,0,0,0,0,2,0,0,0,0
494,Victoria,2022-06-27,0,0,0,0,0,0,0,0,0,0,0,0,0,0,0,0,0,0,2,0,0,0
495,Victoria,2022-06-28,0,0,0,0,0,0,0,0,0,0,0,0,0,0,0,0,0,0,0,2,0,0
496,Victoria,2022-06-29,0,0,0,0,0,0,0,0,0,0,0,0,0,0,0,0,0,0,0,0,2,0
497,Victoria,2022-06-30,0,0,0,0,0,0,0,0,0,0,0,0,0,0,0,0,0,0,0,0,0,2
498,Victoria,2022-07-01,0,0,0,0,0,0,0,0,0,0,0,0,0,0,0,0,0,0,0,0,0,0
499,Victoria,2022-07-02,0,0,0,0,0,0,0,0,0,0,0,0,0,0,0,0,0,0,0,0,0,0
500,Victoria,2022-07-03,0,0,0,0,0,0,0,0,0,0,0,0,0,0,0,0,0,0,0,0,0,0
501,Victoria,2022-07-04,0,0,0,0,0,0,0,0,0,0,0,0,0,0,0,0,0,0,0,0,0,0
502,Victoria,2022-07-05,0,0,0,0,0,0,0,0,0,0,0,0,0,0,0,0,0,0,0,0,0,0
503,Victoria,2022-07-06,1,0,0,0,0,0,0,0,0,0,0,0,0,0,0,0,0,0,0,0,0,0
504,Victoria,2022-07-07,1,1,0,0,0,0,0,0,0,0,0,0,0,0,0,0,0,0,0,0,0,0
505,Victoria,2022-07-08,0,1,1,0,0,0,0,0,0,0,0,0,0,0,0,0,0,0,0,0,0,0
506,Victoria,2022-07-09,0,0,1,1,0,0,0,0,0,0,0,0,0,0,0,0,0,0,0,0,0,0
507,Victoria,2022-07-10,0,0,0,1,1,0,0,0,0,0,0,0,0,0,0,0,0,0,0,0,0,0
508,Victoria,2022-07-11,0,0,0,0,1,1,0,0,0,0,0,0,0,0,0,0,0,0,0,0,0,0
509,Victoria,2022-07-12,1,0,0,0,0,1,1,0,0,0,0,0,0,0,0,0,0,0,0,0,0,0
510,Victoria,2022-07-13,0,1,0,0,0,0,1,1,0,0,0,0,0,0,0,0,0,0,0,0,0,0
511,Victoria,2022-07-14,5,0,1,0,0,0,0,1,1,0,0,0,0,0,0,0,0,0,0,0,0,0
512,Victoria,2022-07-15,0,5,0,1,0,0,0,0,1,1,0,0,0,0,0,0,0,0,0,0,0,0
513,Victoria,2022-07-16,0,0,5,0,1,0,0,0,0,1,1,0,0,0,0,0,0,0,0,0,0,0
514,Victoria,2022-07-17,0,0,0,5,0,1,0,0,0,0,1,1,0,0,0,0,0,0,0,0,0,0
515,Victoria,2022-07-18,0,0,0,0,5,0,1,0,0,0,0,1,1,0,0,0,0,0,0,0,0,0
516,Victoria,2022-07-19,3,0,0,0,0,5,0,1,0,0,0,0,1,1,0,0,0,0,0,0,0,0
517,Victoria,2022-07-20,0,3,0,0,0,0,5,0,1,0,0,0,0,1,1,0,0,0,0,0,0,0
518,Victoria,2022-07-21,0,0,3,0,0,0,0,5,0,1,0,0,0,0,1,1,0,0,0,0,0,0
519,Victoria,2022-07-22,0,0,0,3,0,0,0,0,5,0,1,0,0,0,0,1,1,0,0,0,0,0
520,Victoria,2022-07-23,0,0,0,0,3,0,0,0,0,5,0,1,0,0,0,0,1,1,0,0,0,0
521,Victoria,2022-07-24,0,0,0,0,0,3,0,0,0,0,5,0,1,0,0,0,0,1,1,0,0,0
522,Victoria,2022-07-25,0,0,0,0,0,0,3,0,0,0,0,5,0,1,0,0,0,0,1,1,0,0
523,Victoria,2022-07-26,0,0,0,0,0,0,0,3,0,0,0,0,5,0,1,0,0,0,0,1,1,0
524,Victoria,2022-07-27,1,0,0,0,0,0,0,0,3,0,0,0,0,5,0,1,0,0,0,0,1,1
525,Victoria,2022-07-28,0,1,0,0,0,0,0,0,0,3,0,0,0,0,5,0,1,0,0,0,0,1
526,Victoria,2022-07-29,0,0,1,0,0,0,0,0,0,0,3,0,0,0,0,5,0,1,0,0,0,0
527,Victoria,2022-07-30,0,0,0,1,0,0,0,0,0,0,0,3,0,0,0,0,5,0,1,0,0,0
528,Victoria,2022-07-31,0,0,0,0,1,0,0,0,0,0,0,0,3,0,0,0,0,5,0,1,0,0
529,Victoria,2022-08-01,0,0,0,0,0,1,0,0,0,0,0,0,0,3,0,0,0,0,5,0,1,0
530,Victoria,2022-08-02,3,0,0,0,0,0,1,0,0,0,0,0,0,0,3,0,0,0,0,5,0,1
531,Victoria,2022-08-03,0,3,0,0,0,0,0,1,0,0,0,0,0,0,0,3,0,0,0,0,5,0
532,Victoria,2022-08-04,3,0,3,0,0,0,0,0,1,0,0,0,0,0,0,0,3,0,0,0,0,5
533,Victoria,2022-08-05,0,3,0,3,0,0,0,0,0,1,0,0,0,0,0,0,0,3,0,0,0,0
534,Victoria,2022-08-06,0,0,3,0,3,0,0,0,0,0,1,0,0,0,0,0,0,0,3,0,0,0
535,Victoria,2022-08-07,0,0,0,3,0,3,0,0,0,0,0,1,0,0,0,0,0,0,0,3,0,0
536,Victoria,2022-08-08,0,0,0,0,3,0,3,0,0,0,0,0,1,0,0,0,0,0,0,0,3,0
537,Victoria,2022-08-09,5,0,0,0,0,3,0,3,0,0,0,0,0,1,0,0,0,0,0,0,0,3
538,Victoria,2022-08-10,0,5,0,0,0,0,3,0,3,0,0,0,0,0,1,0,0,0,0,0,0,0
539,Victoria,2022-08-11,3,0,5,0,0,0,0,3,0,3,0,0,0,0,0,1,0,0,0,0,0,0
540,Victoria,2022-08-12,0,3,0,5,0,0,0,0,3,0,3,0,0,0,0,0,1,0,0,0,0,0
541,Victoria,2022-08-13,0,0,3,0,5,0,0,0,0,3,0,3,0,0,0,0,0,1,0,0,0,0
542,Victoria,2022-08-14,0,0,0,3,0,5,0,0,0,0,3,0,3,0,0,0,0,0,1,0,0,0
543,Victoria,2022-08-15,0,0,0,0,3,0,5,0,0,0,0,3,0,3,0,0,0,0,0,1,0,0
544,Victoria,2022-08-16,6,0,0,0,0,3,0,5,0,0,0,0,3,0,3,0,0,0,0,0,1,0
545,Victoria,2022-08-17,0,6,0,0,0,0,3,0,5,0,0,0,0,3,0,3,0,0,0,0,0,1
546,Victoria,2022-08-18,4,0,6,0,0,0,0,3,0,5,0,0,0,0,3,0,3,0,0,0,0,0
547,Victoria,2022-08-19,0,4,0,6,0,0,0,0,3,0,5,0,0,0,0,3,0,3,0,0,0,0
548,Victoria,2022-08-20,0,0,4,0,6,0,0,0,0,3,0,5,0,0,0,0,3,0,3,0,0,0
549,Victoria,2022-08-21,0,0,0,4,0,6,0,0,0,0,3,0,5,0,0,0,0,3,0,3,0,0
550,Victoria,2022-08-22,0,0,0,0,4,0,6,0,0,0,0,3,0,5,0,0,0,0,3,0,3,0
551,Victoria,2022-08-23,8,0,0,0,0,4,0,6,0,0,0,0,3,0,5,0,0,0,0,3,0,3
552,Victoria,2022-08-24,0,8,0,0,0,0,4,0,6,0,0,0,0,3,0,5,0,0,0,0,3,0
553,Victoria,2022-08-25,4,0,8,0,0,0,0,4,0,6,0,0,0,0,3,0,5,0,0,0,0,3
554,Victoria,2022-08-26,0,4,0,8,0,0,0,0,4,0,6,0,0,0,0,3,0,5,0,0,0,0
555,Victoria,2022-08-27,0,0,4,0,8,0,0,0,0,4,0,6,0,0,0,0,3,0,5,0,0,0
556,Victoria,2022-08-28,0,0,0,4,0,8,0,0,0,0,4,0,6,0,0,0,0,3,0,5,0,0
557,Victoria,2022-08-29,0,0,0,0,4,0,8,0,0,0,0,4,0,6,0,0,0,0,3,0,5,0
558,Victoria,2022-08-30,9,0,0,0,0,4,0,8,0,0,0,0,4,0,6,0,0,0,0,3,0,5
559,Victoria,2022-08-31,0,9,0,0,0,0,4,0,8,0,0,0,0,4,0,6,0,0,0,0,3,0
560,Victoria,2022-09-01,3,0,9,0,0,0,0,4,0,8,0,0,0,0,4,0,6,0,0,0,0,3
561,Victoria,2022-09-02,0,3,0,9,0,0,0,0,4,0,8,0,0,0,0,4,0,6,0,0,0,0
562,Victoria,2022-09-03,0,0,3,0,9,0,0,0,0,4,0,8,0,0,0,0,4,0,6,0,0,0
563,Victoria,2022-09-04,0,0,0,3,0,9,0,0,0,0,4,0,8,0,0,0,0,4,0,6,0,0
564,Victoria,2022-09-05,0,0,0,0,3,0,9,0,0,0,0,4,0,8,0,0,0,0,4,0,6,0
565,Victoria,2022-09-06,0,0,0,0,0,3,0,9,0,0,0,0,4,0,8,0,0,0,0,4,0,6
566,Victoria,2022-09-07,0,0,0,0,0,0,3,0,9,0,0,0,0,4,0,8,0,0,0,0,4,0
567,Victoria,2022-09-08,0,0,0,0,0,0,0,3,0,9,0,0,0,0,4,0,8,0,0,0,0,4
568,Victoria,2022-09-09,0,0,0,0,0,0,0,0,3,0,9,0,0,0,0,4,0,8,0,0,0,0
569,Victoria,2022-09-10,0,0,0,0,0,0,0,0,0,3,0,9,0,0,0,0,4,0,8,0,0,0
570,Western Australia,2022-05-20,0,0,0,0,0,0,0,0,0,0,3,0,9,0,0,0,0,4,0,8,0,0
571,Western Australia,2022-05-21,0,0,0,0,0,0,0,0,0,0,0,3,0,9,0,0,0,0,4,0,8,0
572,Western Australia,2022-05-22,0,0,0,0,0,0,0,0,0,0,0,0,3,0,9,0,0,0,0,4,0,8
573,Western Australia,2022-05-23,0,0,0,0,0,0,0,0,0,0,0,0,0,3,0,9,0,0,0,0,4,0
574,Western Australia,2022-05-24,0,0,0,0,0,0,0,0,0,0,0,0,0,0,3,0,9,0,0,0,0,4
575,Western Australia,2022-05-25,0,0,0,0,0,0,0,0,0,0,0,0,0,0,0,3,0,9,0,0,0,0
576,Western Australia,2022-05-26,0,0,0,0,0,0,0,0,0,0,0,0,0,0,0,0,3,0,9,0,0,0
577,Western Australia,2022-05-27,0,0,0,0,0,0,0,0,0,0,0,0,0,0,0,0,0,3,0,9,0,0
578,Western Australia,2022-05-28,0,0,0,0,0,0,0,0,0,0,0,0,0,0,0,0,0,0,3,0,9,0
579,Western Australia,2022-05-29,0,0,0,0,0,0,0,0,0,0,0,0,0,0,0,0,0,0,0,3,0,9
580,Western Australia,2022-05-30,0,0,0,0,0,0,0,0,0,0,0,0,0,0,0,0,0,0,0,0,3,0
581,Western Australia,2022-05-31,0,0,0,0,0,0,0,0,0,0,0,0,0,0,0,0,0,0,0,0,0,3
582,Western Australia,2022-06-01,0,0,0,0,0,0,0,0,0,0,0,0,0,0,0,0,0,0,0,0,0,0
583,Western Australia,2022-06-02,0,0,0,0,0,0,0,0,0,0,0,0,0,0,0,0,0,0,0,0,0,0
584,Western Australia,2022-06-03,0,0,0,0,0,0,0,0,0,0,0,0,0,0,0,0,0,0,0,0,0,0
585,Western Australia,2022-06-04,0,0,0,0,0,0,0,0,0,0,0,0,0,0,0,0,0,0,0,0,0,0
586,Western Australia,2022-06-05,0,0,0,0,0,0,0,0,0,0,0,0,0,0,0,0,0,0,0,0,0,0
587,Western Australia,2022-06-06,0,0,0,0,0,0,0,0,0,0,0,0,0,0,0,0,0,0,0,0,0,0
588,Western Australia,2022-06-07,0,0,0,0,0,0,0,0,0,0,0,0,0,0,0,0,0,0,0,0,0,0
589,Western Australia,2022-06-08,0,0,0,0,0,0,0,0,0,0,0,0,0,0,0,0,0,0,0,0,0,0
590,Western Australia,2022-06-09,0,0,0,0,0,0,0,0,0,0,0,0,0,0,0,0,0,0,0,0,0,0
591,Western Australia,2022-06-10,0,0,0,0,0,0,0,0,0,0,0,0,0,0,0,0,0,0,0,0,0,0
592,Western Australia,2022-06-11,0,0,0,0,0,0,0,0,0,0,0,0,0,0,0,0,0,0,0,0,0,0
593,Western Australia,2022-06-12,0,0,0,0,0,0,0,0,0,0,0,0,0,0,0,0,0,0,0,0,0,0
594,Western Australia,2022-06-13,0,0,0,0,0,0,0,0,0,0,0,0,0,0,0,0,0,0,0,0,0,0
595,Western Australia,2022-06-14,0,0,0,0,0,0,0,0,0,0,0,0,0,0,0,0,0,0,0,0,0,0
596,Western Australia,2022-06-15,0,0,0,0,0,0,0,0,0,0,0,0,0,0,0,0,0,0,0,0,0,0
597,Western Australia,2022-06-16,0,0,0,0,0,0,0,0,0,0,0,0,0,0,0,0,0,0,0,0,0,0
598,Western Australia,2022-06-17,0,0,0,0,0,0,0,0,0,0,0,0,0,0,0,0,0,0,0,0,0,0
599,Western Australia,2022-06-18,0,0,0,0,0,0,0,0,0,0,0,0,0,0,0,0,0,0,0,0,0,0
600,Western Australia,2022-06-19,0,0,0,0,0,0,0,0,0,0,0,0,0,0,0,0,0,0,0,0,0,0
601,Western Australia,2022-06-20,0,0,0,0,0,0,0,0,0,0,0,0,0,0,0,0,0,0,0,0,0,0
602,Western Australia,2022-06-21,0,0,0,0,0,0,0,0,0,0,0,0,0,0,0,0,0,0,0,0,0,0
603,Western Australia,2022-06-22,0,0,0,0,0,0,0,0,0,0,0,0,0,0,0,0,0,0,0,0,0,0
604,Western Australia,2022-06-23,0,0,0,0,0,0,0,0,0,0,0,0,0,0,0,0,0,0,0,0,0,0
605,Western Australia,2022-06-24,0,0,0,0,0,0,0,0,0,0,0,0,0,0,0,0,0,0,0,0,0,0
606,Western Australia,2022-06-25,0,0,0,0,0,0,0,0,0,0,0,0,0,0,0,0,0,0,0,0,0,0
607,Western Australia,2022-06-26,0,0,0,0,0,0,0,0,0,0,0,0,0,0,0,0,0,0,0,0,0,0
608,Western Australia,2022-06-27,0,0,0,0,0,0,0,0,0,0,0,0,0,0,0,0,0,0,0,0,0,0
609,Western Australia,2022-06-28,0,0,0,0,0,0,0,0,0,0,0,0,0,0,0,0,0,0,0,0,0,0
610,Western Australia,2022-06-29,0,0,0,0,0,0,0,0,0,0,0,0,0,0,0,0,0,0,0,0,0,0
611,Western Australia,2022-06-30,0,0,0,0,0,0,0,0,0,0,0,0,0,0,0,0,0,0,0,0,0,0
612,Western Australia,2022-07-01,0,0,0,0,0,0,0,0,0,0,0,0,0,0,0,0,0,0,0,0,0,0
613,Western Australia,2022-07-02,0,0,0,0,0,0,0,0,0,0,0,0,0,0,0,0,0,0,0,0,0,0
614,Western Australia,2022-07-03,0,0,0,0,0,0,0,0,0,0,0,0,0,0,0,0,0,0,0,0,0,0
615,Western Australia,2022-07-04,0,0,0,0,0,0,0,0,0,0,0,0,0,0,0,0,0,0,0,0,0,0
616,Western Australia,2022-07-05,0,0,0,0,0,0,0,0,0,0,0,0,0,0,0,0,0,0,0,0,0,0
617,Western Australia,2022-07-06,0,0,0,0,0,0,0,0,0,0,0,0,0,0,0,0,0,0,0,0,0,0
618,Western Australia,2022-07-07,0,0,0,0,0,0,0,0,0,0,0,0,0,0,0,0,0,0,0,0,0,0
619,Western Australia,2022-07-08,0,0,0,0,0,0,0,0,0,0,0,0,0,0,0,0,0,0,0,0,0,0
620,Western Australia,2022-07-09,0,0,0,0,0,0,0,0,0,0,0,0,0,0,0,0,0,0,0,0,0,0
621,Western Australia,2022-07-10,0,0,0,0,0,0,0,0,0,0,0,0,0,0,0,0,0,0,0,0,0,0
622,Western Australia,2022-07-11,0,0,0,0,0,0,0,0,0,0,0,0,0,0,0,0,0,0,0,0,0,0
623,Western Australia,2022-07-12,0,0,0,0,0,0,0,0,0,0,0,0,0,0,0,0,0,0,0,0,0,0
624,Western Australia,2022-07-13,0,0,0,0,0,0,0,0,0,0,0,0,0,0,0,0,0,0,0,0,0,0
625,Western Australia,2022-07-14,0,0,0,0,0,0,0,0,0,0,0,0,0,0,0,0,0,0,0,0,0,0
626,Western Australia,2022-07-15,0,0,0,0,0,0,0,0,0,0,0,0,0,0,0,0,0,0,0,0,0,0
627,Western Australia,2022-07-16,0,0,0,0,0,0,0,0,0,0,0,0,0,0,0,0,0,0,0,0,0,0
628,Western Australia,2022-07-17,0,0,0,0,0,0,0,0,0,0,0,0,0,0,0,0,0,0,0,0,0,0
629,Western Australia,2022-07-18,0,0,0,0,0,0,0,0,0,0,0,0,0,0,0,0,0,0,0,0,0,0
630,Western Australia,2022-07-19,0,0,0,0,0,0,0,0,0,0,0,0,0,0,0,0,0,0,0,0,0,0
631,Western Australia,2022-07-20,0,0,0,0,0,0,0,0,0,0,0,0,0,0,0,0,0,0,0,0,0,0
632,Western Australia,2022-07-21,0,0,0,0,0,0,0,0,0,0,0,0,0,0,0,0,0,0,0,0,0,0
633,Western Australia,2022-07-22,0,0,0,0,0,0,0,0,0,0,0,0,0,0,0,0,0,0,0,0,0,0
634,Western Australia,2022-07-23,0,0,0,0,0,0,0,0,0,0,0,0,0,0,0,0,0,0,0,0,0,0
635,Western Australia,2022-07-24,0,0,0,0,0,0,0,0,0,0,0,0,0,0,0,0,0,0,0,0,0,0
636,Western Australia,2022-07-25,0,0,0,0,0,0,0,0,0,0,0,0,0,0,0,0,0,0,0,0,0,0
637,Western Australia,2022-07-26,0,0,0,0,0,0,0,0,0,0,0,0,0,0,0,0,0,0,0,0,0,0
638,Western Australia,2022-07-27,0,0,0,0,0,0,0,0,0,0,0,0,0,0,0,0,0,0,0,0,0,0
639,Western Australia,2022-07-28,0,0,0,0,0,0,0,0,0,0,0,0,0,0,0,0,0,0,0,0,0,0
640,Western Australia,2022-07-29,0,0,0,0,0,0,0,0,0,0,0,0,0,0,0,0,0,0,0,0,0,0
641,Western Australia,2022-07-30,0,0,0,0,0,0,0,0,0,0,0,0,0,0,0,0,0,0,0,0,0,0
642,Western Australia,2022-07-31,0,0,0,0,0,0,0,0,0,0,0,0,0,0,0,0,0,0,0,0,0,0
643,Western Australia,2022-08-01,0,0,0,0,0,0,0,0,0,0,0,0,0,0,0,0,0,0,0,0,0,0
644,Western Australia,2022-08-02,0,0,0,0,0,0,0,0,0,0,0,0,0,0,0,0,0,0,0,0,0,0
645,Western Australia,2022-08-03,0,0,0,0,0,0,0,0,0,0,0,0,0,0,0,0,0,0,0,0,0,0
646,Western Australia,2022-08-04,0,0,0,0,0,0,0,0,0,0,0,0,0,0,0,0,0,0,0,0,0,0
647,Western Australia,2022-08-05,0,0,0,0,0,0,0,0,0,0,0,0,0,0,0,0,0,0,0,0,0,0
648,Western Australia,2022-08-06,0,0,0,0,0,0,0,0,0,0,0,0,0,0,0,0,0,0,0,0,0,0
649,Western Australia,2022-08-07,0,0,0,0,0,0,0,0,0,0,0,0,0,0,0,0,0,0,0,0,0,0
650,Western Australia,2022-08-08,0,0,0,0,0,0,0,0,0,0,0,0,0,0,0,0,0,0,0,0,0,0
651,Western Australia,2022-08-09,1,0,0,0,0,0,0,0,0,0,0,0,0,0,0,0,0,0,0,0,0,0
652,Western Australia,2022-08-10,0,1,0,0,0,0,0,0,0,0,0,0,0,0,0,0,0,0,0,0,0,0
653,Western Australia,2022-08-11,1,0,1,0,0,0,0,0,0,0,0,0,0,0,0,0,0,0,0,0,0,0
654,Western Australia,2022-08-12,0,1,0,1,0,0,0,0,0,0,0,0,0,0,0,0,0,0,0,0,0,0
655,Western Australia,2022-08-13,0,0,1,0,1,0,0,0,0,0,0,0,0,0,0,0,0,0,0,0,0,0
656,Western Australia,2022-08-14,0,0,0,1,0,1,0,0,0,0,0,0,0,0,0,0,0,0,0,0,0,0
657,Western Australia,2022-08-15,0,0,0,0,1,0,1,0,0,0,0,0,0,0,0,0,0,0,0,0,0,0
658,Western Australia,2022-08-16,1,0,0,0,0,1,0,1,0,0,0,0,0,0,0,0,0,0,0,0,0,0
659,Western Australia,2022-08-17,0,1,0,0,0,0,1,0,1,0,0,0,0,0,0,0,0,0,0,0,0,0
660,Western Australia,2022-08-18,0,0,1,0,0,0,0,1,0,1,0,0,0,0,0,0,0,0,0,0,0,0
661,Western Australia,2022-08-19,0,0,0,1,0,0,0,0,1,0,1,0,0,0,0,0,0,0,0,0,0,0
662,Western Australia,2022-08-20,0,0,0,0,1,0,0,0,0,1,0,1,0,0,0,0,0,0,0,0,0,0
663,Western Australia,2022-08-21,0,0,0,0,0,1,0,0,0,0,1,0,1,0,0,0,0,0,0,0,0,0
664,Western Australia,2022-08-22,0,0,0,0,0,0,1,0,0,0,0,1,0,1,0,0,0,0,0,0,0,0
665,Western Australia,2022-08-23,1,0,0,0,0,0,0,1,0,0,0,0,1,0,1,0,0,0,0,0,0,0
666,Western Australia,2022-08-24,0,1,0,0,0,0,0,0,1,0,0,0,0,1,0,1,0,0,0,0,0,0
667,Western Australia,2022-08-25,0,0,1,0,0,0,0,0,0,1,0,0,0,0,1,0,1,0,0,0,0,0
668,Western Australia,2022-08-26,0,0,0,1,0,0,0,0,0,0,1,0,0,0,0,1,0,1,0,0,0,0
669,Western Australia,2022-08-27,0,0,0,0,1,0,0,0,0,0,0,1,0,0,0,0,1,0,1,0,0,0
670,Western Australia,2022-08-28,0,0,0,0,0,1,0,0,0,0,0,0,1,0,0,0,0,1,0,1,0,0
671,Western Australia,2022-08-29,0,0,0,0,0,0,1,0,0,0,0,0,0,1,0,0,0,0,1,0,1,0
672,Western Australia,2022-08-30,1,0,0,0,0,0,0,1,0,0,0,0,0,0,1,0,0,0,0,1,0,1
673,Western Australia,2022-08-31,0,1,0,0,0,0,0,0,1,0,0,0,0,0,0,1,0,0,0,0,1,0
674,Western Australia,2022-09-01,0,0,1,0,0,0,0,0,0,1,0,0,0,0,0,0,1,0,0,0,0,1
675,Western Australia,2022-09-02,0,0,0,1,0,0,0,0,0,0,1,0,0,0,0,0,0,1,0,0,0,0
676,Western Australia,2022-09-03,0,0,0,0,1,0,0,0,0,0,0,1,0,0,0,0,0,0,1,0,0,0
677,Western Australia,2022-09-04,0,0,0,0,0,1,0,0,0,0,0,0,1,0,0,0,0,0,0,1,0,0
678,Western Australia,2022-09-05,0,0,0,0,0,0,1,0,0,0,0,0,0,1,0,0,0,0,0,0,1,0
679,Western Australia,2022-09-06,0,0,0,0,0,0,0,1,0,0,0,0,0,0,1,0,0,0,0,0,0,1
680,Western Australia,2022-09-07,0,0,0,0,0,0,0,0,1,0,0,0,0,0,0,1,0,0,0,0,0,0
681,Western Australia,2022-09-08,0,0,0,0,0,0,0,0,0,1,0,0,0,0,0,0,1,0,0,0,0,0
682,Western Australia,2022-09-09,0,0,0,0,0,0,0,0,0,0,1,0,0,0,0,0,0,1,0,0,0,0
683,Western Australia,2022-09-10,0,0,0,0,0,0,0,0,0,0,0,1,0,0,0,0,0,0,1,0,0,0
